{"is_source_file": false, "format": "", "description": "", "external_files": [], "external_methods": [], "published": [], "classes": [], "methods": [], "calls": [], "search-terms": [], "state": 2, "file_id": 13, "knowledge_revision": 17, "git_revision": "9c567ab6037d0754394739e238de3e4558199ef9", "ctags": [], "hash": "1a77571e1a8cf36018a41bcedf60db75", "format-version": 4, "code-base-name": "todo_frontend", "filename": "todo_frontend/src/setupTests.js", "revision_history": [{"17": "9c567ab6037d0754394739e238de3e4558199ef9"}]}