{"is_source_file": true, "format": "JavaScript", "description": "This file is the entry point for a React-based frontend application. It imports React libraries, stylesheet, and the main App component, then renders the App inside the DOM element with id 'root' using ReactDOM.", "external_files": ["react", "react-dom/client", "./index.css", "./App"], "external_methods": ["ReactDOM.createRoot", "root.render"], "published": [], "classes": [], "methods": [{"name": "render", "description": "Calls ReactDOM.createRoot to create a root and then renders the App component inside the root, wrapping it with React.StrictMode."}], "calls": ["ReactDOM.createRoot", "root.render"], "search-terms": ["React", "ReactDOM", "index.js", "entry point", "root.render", "React.StrictMode", "App component"], "state": 2, "file_id": 12, "knowledge_revision": 22, "git_revision": "9c567ab6037d0754394739e238de3e4558199ef9", "ctags": [{"_type": "tag", "name": "root", "path": "/home/kavia/workspace/code-generation/minimal-to-do-list-305840-305857/todo_frontend/src/index.js", "pattern": "/^const root = ReactDOM.createRoot(document.getElementById('root'));$/", "language": "JavaScript", "kind": "constant"}], "hash": "9fc5841375336fc175b49f8767a11383", "format-version": 4, "code-base-name": "todo_frontend", "filename": "todo_frontend/src/index.js", "revision_history": [{"22": "9c567ab6037d0754394739e238de3e4558199ef9"}]}