{"is_source_file": false, "format": "", "description": "", "external_files": [], "external_methods": [], "published": [], "classes": [], "methods": [], "calls": [], "search-terms": ["CSS variables", "theme management", "dark mode", "responsive design", "App header styling", "CSS media queries", "CSS animations", "CSS custom properties"], "state": 2, "file_id": 17, "knowledge_revision": 21, "git_revision": "9c567ab6037d0754394739e238de3e4558199ef9", "hash": "22f9e17cc1848b56dbb244518ac2707e", "format-version": 4, "code-base-name": "todo_frontend", "filename": "todo_frontend/src/App.css", "revision_history": [{"21": "9c567ab6037d0754394739e238de3e4558199ef9"}]}