{"is_source_file": false, "format": "", "description": "", "external_files": [], "external_methods": [], "published": [], "classes": [], "methods": [], "calls": [], "search-terms": [], "state": 2, "file_id": 8, "knowledge_revision": 15, "git_revision": "9c567ab6037d0754394739e238de3e4558199ef9", "hash": "ebece526bc2eadd78ddd787a76c56607", "format-version": 4, "code-base-name": "todo_frontend", "filename": "todo_frontend/README.md", "revision_history": [{"15": "9c567ab6037d0754394739e238de3e4558199ef9"}]}