{"is_source_file": true, "format": "JavaScript (React JSX)", "description": "This file defines a React component named 'App' which manages a theme toggle between light and dark modes. It includes state management with useState, side effects with useEffect, and renders UI elements such as a button, logo image, descriptive paragraphs, and a link.", "external_files": ["./logo.svg", "./App.css"], "external_methods": ["React.useState", "React.useEffect"], "published": ["App"], "classes": [], "methods": [{"name": "App()", "description": "React functional component that manages theme state and renders UI for theme toggling.", "scope": "", "scopeKind": ""}, {"name": "toggleTheme", "description": "Function to switch between 'light' and 'dark' themes by updating the 'theme' state."}], "calls": ["React.useState", "React.useEffect", "document.documentElement.setAttribute", "setTheme", "prevTheme => prevTheme === 'light' ? 'dark' : 'light'", "document.querySelector", "document.getElementById"], "search-terms": ["React component", "theme toggle", "useState", "useEffect", "App.js", "React JSX", "dark mode", "light mode"], "state": 2, "file_id": 16, "knowledge_revision": 23, "git_revision": "9c567ab6037d0754394739e238de3e4558199ef9", "ctags": [{"_type": "tag", "name": "App", "path": "/home/kavia/workspace/code-generation/minimal-to-do-list-305840-305857/todo_frontend/src/App.js", "pattern": "/^function App() {$/", "language": "JavaScript", "kind": "function", "signature": "()"}, {"_type": "tag", "name": "Switch to ${theme === 'light' ? 'dark' : 'light'} mode", "path": "/home/kavia/workspace/code-generation/minimal-to-do-list-305840-305857/todo_frontend/src/App.js", "pattern": "/^          aria-label={`Switch to ${theme === 'light' ? 'dark' : 'light'} mode`}$/", "language": "JavaScript", "kind": "field", "scope": "App.aria", "scopeKind": "class"}, {"_type": "tag", "name": "toggleTheme", "path": "/home/kavia/workspace/code-generation/minimal-to-do-list-305840-305857/todo_frontend/src/App.js", "pattern": "/^          onClick={toggleTheme}$/", "language": "JavaScript", "kind": "field", "scope": "App.onClick", "scopeKind": "class"}], "hash": "b55dd9e6a018e59207d8e277dffd9e11", "format-version": 4, "code-base-name": "todo_frontend", "filename": "todo_frontend/src/App.js", "fields": [{"name": "aria-label={`Switch to ${theme === 'light' ? 'dark' : 'light'} mode`}", "scope": "App.aria", "scopeKind": "class", "description": "unavailable"}, {"name": "onClick={toggleTheme}", "scope": "App.onClick", "scopeKind": "class", "description": "unavailable"}], "revision_history": [{"23": "9c567ab6037d0754394739e238de3e4558199ef9"}]}